{
  "Initial Cash": 10000,
  "Final Equity": 4601534.929055949,
  "PnL": 4591534.929055949,
  "Return (%)": 45915.34929055949,
  "Sharpe Ratio": 0.5795351969946976,
  "Max Drawdown (%)": -83.39900881945181,
  "Win Rate (%)": 100.0,
  "Total Trades": 205
}