{
  "Initial Cash": 10000,
  "Final Equity": 4364519.724338501,
  "PnL": 4354519.724338501,
  "Return (%)": 43545.19724338501,
  "Sharpe Ratio": 0.5706631492512524,
  "Max Drawdown (%)": -83.39900881945181,
  "Win Rate (%)": 100.0,
  "Total Trades": 205
}