{
  "Initial Cash": 10000,
  "Final Equity": 3612729.3516645804,
  "PnL": 3602729.3516645804,
  "Return (%)": 36027.293516645805,
  "Sharpe Ratio": 0.5539502915880915,
  "Max Drawdown (%)": -83.39900881945181,
  "Win Rate (%)": 100.0,
  "Total Trades": 205
}