{
  "Initial Cash": 10000,
  "Final Equity": 3288958.60122238,
  "PnL": 3278958.60122238,
  "Return (%)": 32789.5860122238,
  "Sharpe Ratio": 0.5492495506761191,
  "Max Drawdown (%)": -83.39900881945181,
  "Win Rate (%)": 100.0,
  "Total Trades": 205
}