{
  "Initial Cash": 10000,
  "Final Equity": 4481163.909544149,
  "PnL": 4471163.909544149,
  "Return (%)": 44711.6390954415,
  "Sharpe Ratio": 0.5743630462613256,
  "Max Drawdown (%)": -83.39900881945181,
  "Win Rate (%)": 100.0,
  "Total Trades": 205
}