{
  "Initial Cash": 10000,
  "Final Equity": 4576238.454709341,
  "PnL": 4566238.454709341,
  "Return (%)": 45662.38454709341,
  "Sharpe Ratio": 0.5790579068763451,
  "Max Drawdown (%)": -83.39900881945181,
  "Win Rate (%)": 100.0,
  "Total Trades": 205
}