{
  "Initial Cash": 10000,
  "Final Equity": 4051967.664137239,
  "PnL": 4041967.664137239,
  "Return (%)": 40419.676641372396,
  "Sharpe Ratio": 0.5635748932627352,
  "Max Drawdown (%)": -83.39900881945181,
  "Win Rate (%)": 100.0,
  "Total Trades": 205
}