{
  "Initial Cash": 10000,
  "Final Equity": 4258130.5475653345,
  "PnL": 4248130.5475653345,
  "Return (%)": 42481.305475653346,
  "Sharpe Ratio": 0.5706807974999754,
  "Max Drawdown (%)": -83.39900881945181,
  "Win Rate (%)": 100.0,
  "Total Trades": 205
}