{
  "Initial Cash": 10000,
  "Final Equity": 4181591.042868364,
  "PnL": 4171591.042868364,
  "Return (%)": 41715.91042868364,
  "Sharpe Ratio": 0.568636300861197,
  "Max Drawdown (%)": -83.39900881945181,
  "Win Rate (%)": 100.0,
  "Total Trades": 205
}