{
  "Initial Cash": 10000,
  "Final Equity": 4304120.701156148,
  "PnL": 4294120.701156148,
  "Return (%)": 42941.20701156148,
  "Sharpe Ratio": 0.5697804497995139,
  "Max Drawdown (%)": -83.39900881945181,
  "Win Rate (%)": 100.0,
  "Total Trades": 205
}