{
  "Initial Cash": 10000,
  "Final Equity": 4163648.1448601084,
  "PnL": 4153648.1448601084,
  "Return (%)": 41536.48144860109,
  "Sharpe Ratio": 0.5661958499591231,
  "Max Drawdown (%)": -83.39900881945181,
  "Win Rate (%)": 100.0,
  "Total Trades": 205
}