{
  "Initial Cash": 10000,
  "Final Equity": 4571619.358172472,
  "PnL": 4561619.358172472,
  "Return (%)": 45616.19358172472,
  "Sharpe Ratio": 0.5790851043388439,
  "Max Drawdown (%)": -83.39900881945181,
  "Win Rate (%)": 100.0,
  "Total Trades": 205
}