{
  "Initial Cash": 10000,
  "Final Equity": 4365400.846665741,
  "PnL": 4355400.846665741,
  "Return (%)": 43554.00846665741,
  "Sharpe Ratio": 0.5726824268279437,
  "Max Drawdown (%)": -83.39900881945181,
  "Win Rate (%)": 100.0,
  "Total Trades": 205
}