{
  "Initial Cash": 10000,
  "Final Equity": 4350863.081615833,
  "PnL": 4340863.081615833,
  "Return (%)": 43408.63081615832,
  "Sharpe Ratio": 0.5711672694181497,
  "Max Drawdown (%)": -83.39900881945181,
  "Win Rate (%)": 100.0,
  "Total Trades": 205
}