{
  "Initial Cash": 10000,
  "Final Equity": 4562947.932828029,
  "PnL": 4552947.932828029,
  "Return (%)": 45529.479328280286,
  "Sharpe Ratio": 0.5776103067011698,
  "Max Drawdown (%)": -83.39900881945181,
  "Win Rate (%)": 100.0,
  "Total Trades": 205
}