{
  "Initial Cash": 10000,
  "Final Equity": 4657931.891986459,
  "PnL": 4647931.891986459,
  "Return (%)": 46479.318919864585,
  "Sharpe Ratio": 0.5802799412222313,
  "Max Drawdown (%)": -83.39900881945181,
  "Win Rate (%)": 100.0,
  "Total Trades": 205
}