{
  "Initial Cash": 10000,
  "Final Equity": 4302330.805399344,
  "PnL": 4292330.805399344,
  "Return (%)": 42923.30805399344,
  "Sharpe Ratio": 0.5711270216406691,
  "Max Drawdown (%)": -83.39900881945181,
  "Win Rate (%)": 100.0,
  "Total Trades": 205
}