{
  "Initial Cash": 10000,
  "Final Equity": 3528271.531803554,
  "PnL": 3518271.531803554,
  "Return (%)": 35182.71531803554,
  "Sharpe Ratio": 0.5542162528765178,
  "Max Drawdown (%)": -83.39900881945181,
  "Win Rate (%)": 100.0,
  "Total Trades": 205
}