{
  "Initial Cash": 10000,
  "Final Equity": 4222613.127206281,
  "PnL": 4212613.127206281,
  "Return (%)": 42126.13127206281,
  "Sharpe Ratio": 0.5689849929600449,
  "Max Drawdown (%)": -83.39900881945181,
  "Win Rate (%)": 100.0,
  "Total Trades": 205
}