{
  "Initial Cash": 10000,
  "Final Equity": 4031469.7381522353,
  "PnL": 4021469.7381522353,
  "Return (%)": 40214.697381522354,
  "Sharpe Ratio": 0.5657505031525311,
  "Max Drawdown (%)": -83.39900881945181,
  "Win Rate (%)": 100.0,
  "Total Trades": 205
}