{
  "Initial Cash": 10000,
  "Final Equity": 4330767.991889131,
  "PnL": 4320767.991889131,
  "Return (%)": 43207.679918891314,
  "Sharpe Ratio": 0.5721979847247788,
  "Max Drawdown (%)": -83.39900881945181,
  "Win Rate (%)": 100.0,
  "Total Trades": 205
}