{
  "Initial Cash": 10000,
  "Final Equity": 4390945.712470078,
  "PnL": 4380945.712470078,
  "Return (%)": 43809.45712470078,
  "Sharpe Ratio": 0.5709894566930592,
  "Max Drawdown (%)": -83.39900881945181,
  "Win Rate (%)": 100.0,
  "Total Trades": 205
}