{
  "Initial Cash": 10000,
  "Final Equity": 4505733.573475029,
  "PnL": 4495733.573475029,
  "Return (%)": 44957.33573475029,
  "Sharpe Ratio": 0.5781564780165426,
  "Max Drawdown (%)": -83.39900881945181,
  "Win Rate (%)": 100.0,
  "Total Trades": 205
}