{
  "Initial Cash": 10000,
  "Final Equity": 3493615.419100352,
  "PnL": 3483615.419100352,
  "Return (%)": 34836.15419100352,
  "Sharpe Ratio": 0.5526969472838654,
  "Max Drawdown (%)": -83.39900881945181,
  "Win Rate (%)": 100.0,
  "Total Trades": 205
}