{
  "Initial Cash": 10000,
  "Final Equity": 3386341.8682629075,
  "PnL": 3376341.8682629075,
  "Return (%)": 33763.418682629075,
  "Sharpe Ratio": 0.5513882153840387,
  "Max Drawdown (%)": -83.39900881945181,
  "Win Rate (%)": 100.0,
  "Total Trades": 205
}