{
  "Initial Cash": 10000,
  "Final Equity": 4517384.776228084,
  "PnL": 4507384.776228084,
  "Return (%)": 45073.84776228084,
  "Sharpe Ratio": 0.5782293005686631,
  "Max Drawdown (%)": -83.39900881945181,
  "Win Rate (%)": 100.0,
  "Total Trades": 205
}