{
  "Initial Cash": 10000,
  "Final Equity": 3500250.491542915,
  "PnL": 3490250.491542915,
  "Return (%)": 34902.50491542915,
  "Sharpe Ratio": 0.551635431155834,
  "Max Drawdown (%)": -83.39900881945181,
  "Win Rate (%)": 100.0,
  "Total Trades": 205
}