{
  "Initial Cash": 10000,
  "Final Equity": 4764310.393299531,
  "PnL": 4754310.393299531,
  "Return (%)": 47543.10393299531,
  "Sharpe Ratio": 0.5795967929868491,
  "Max Drawdown (%)": -83.39900881945181,
  "Win Rate (%)": 100.0,
  "Total Trades": 205
}