{
  "Initial Cash": 10000,
  "Final Equity": 4673068.805117019,
  "PnL": 4663068.805117019,
  "Return (%)": 46630.6880511702,
  "Sharpe Ratio": 0.5805471425503188,
  "Max Drawdown (%)": -83.39900881945181,
  "Win Rate (%)": 100.0,
  "Total Trades": 205
}