{
  "Initial Cash": 10000,
  "Final Equity": 4168231.0519462796,
  "PnL": 4158231.0519462796,
  "Return (%)": 41582.31051946279,
  "Sharpe Ratio": 0.5684065631919736,
  "Max Drawdown (%)": -83.39900881945181,
  "Win Rate (%)": 100.0,
  "Total Trades": 205
}