{
  "Initial Cash": 10000,
  "Final Equity": 4422694.283836351,
  "PnL": 4412694.283836351,
  "Return (%)": 44126.94283836351,
  "Sharpe Ratio": 0.5717987517181647,
  "Max Drawdown (%)": -83.39900881945181,
  "Win Rate (%)": 100.0,
  "Total Trades": 205
}