{
  "Initial Cash": 10000,
  "Final Equity": 4455731.771283741,
  "PnL": 4445731.771283741,
  "Return (%)": 44457.31771283741,
  "Sharpe Ratio": 0.5721276046477245,
  "Max Drawdown (%)": -83.39900881945181,
  "Win Rate (%)": 100.0,
  "Total Trades": 205
}