{
  "Initial Cash": 10000,
  "Final Equity": 4083019.3075680346,
  "PnL": 4073019.3075680346,
  "Return (%)": 40730.19307568035,
  "Sharpe Ratio": 0.5631452536805501,
  "Max Drawdown (%)": -83.39900881945181,
  "Win Rate (%)": 100.0,
  "Total Trades": 205
}