{
  "Initial Cash": 10000,
  "Final Equity": 4188652.7979732035,
  "PnL": 4178652.7979732035,
  "Return (%)": 41786.52797973203,
  "Sharpe Ratio": 0.5676292536980351,
  "Max Drawdown (%)": -83.39900881945181,
  "Win Rate (%)": 100.0,
  "Total Trades": 205
}