{
  "Initial Cash": 10000,
  "Final Equity": 4461179.018381397,
  "PnL": 4451179.018381397,
  "Return (%)": 44511.79018381397,
  "Sharpe Ratio": 0.5727303572041348,
  "Max Drawdown (%)": -83.39900881945181,
  "Win Rate (%)": 100.0,
  "Total Trades": 205
}