{
  "Initial Cash": 10000,
  "Final Equity": 4253156.480848754,
  "PnL": 4243156.480848754,
  "Return (%)": 42431.564808487536,
  "Sharpe Ratio": 0.5658833569230394,
  "Max Drawdown (%)": -83.39900881945181,
  "Win Rate (%)": 100.0,
  "Total Trades": 205
}